filename,readable_title
211103 METpdx hdmi,METpdx - HDMI Assessment (Nov 2021)
220216 PeaceHealth - assist,PeaceHealth Southwest Medical Center - AV System Assistance (Feb 2022)
221101 Vanc Firstenberg CC - Assess1,"Firstenberg Community Center (Vancouver, WA) - System Assessment 1 (Nov 2022)"
221117 ColumBank Vanc - Proj,Columbia Bank Vancouver - Projector Issue Assessment (Nov 2022)
230915 metpdx new pj assess 01,METpdx - New Project Assessment for TechOps (Sep 2023)
231027 OJD Madras Assess1,OJD Madras Courthouse - Projector Site Assessment (Oct 2023)
231027 OJD Madras List 01-03,OJD Madras Courthouse - Assessment Item Checklist (Oct 2023)
231027 OJD Madras Screen loc Assessment,OJD Madras Courthouse - Screen Location Assessment (Oct 2023)
240118 OSU MU VidWall - Handoff Site-walk,"Oregon State University, MU Building - Video Wall Handoff & Site Walk (Jan 2024)"
240320 North Eugene HS PA Extron,North Eugene High School - PA System Failure Survey & Extron Diagnostics (Mar 2024)
211008 UW Rehab PM & mics+,University of Washington Rehabilitation - Preventive Maintenance & Microphones (Oct 2021)
211215 UWSOM SLU - PM+,"University of Washington School of Medicine, South Lake Union - Preventive Maintenance (Dec 2021)"
211216 UWSOM Main - PM+,"University of Washington School of Medicine, Main Campus - Preventive Maintenance (Dec 2021)"
220324-25 EOU Theater PM & Repair1,"Eastern Oregon University, Loso Hall - Preventive Maintenance & Repair (Mar 2022)"
220714 EOU Loso Hall - PM,"Eastern Oregon University, Loso Hall - Preventive Maintenance (Jul 2022)"
221024 Clackamas ESD - SpringEra PM 1,"Clackamas ESD, Springwater & New Era Rooms - Preventive Maintenance 1 (Oct 2022)"
221130 ClackamasESD - MtHope PM,"Clackamas ESD, Mt. Hope Room - Preventive Maintenance (Nov 2022)"
211215 MetLife - PM,"MetLife, Seattle - Preventive Maintenance (Dec 2021)"
220202 MetLife - PM,"MetLife, Seattle - Preventive Maintenance (Feb 2022)"
220419 iQ CU Vanc - Conf rm PM,"iQ Credit Union, Vancouver - Conference Room Preventive Maintenance (Apr 2022)"
220519 Cornelius city hall - PM,Cornelius City Hall - Preventive Maintenance (May 2022)
230612 iQ CU Vanc - Conf rm PM,"iQ Credit Union, Vancouver - Conference Room Preventive Maintenance (Jun 2023)"
240318 TillamookPUD aTV vol & PM,Tillamook People's Utility District - AppleTV Volume Issue & Preventive Maintenance (Mar 2024)
220202 Gartner PM+,Gartner - Preventive Maintenance (Feb 2022)
230615 Gartner PM1,Gartner - Preventive Maintenance 1 (Jun 2023)
230628 Gartner PM1b,Gartner - Preventive Maintenance 1b (Jun 2023)
230629 Gartner PM3 Adams,Gartner - Preventive Maintenance 3 (Adams Room) (Jun 2023)
230629 Gartner PM3 Bachelor,Gartner - Preventive Maintenance 3 (Bachelor Room) (Jun 2023)
230629 Gartner PM3 Glenn,Gartner - Preventive Maintenance 3 (Glenn Room) (Jun 2023)
230710 Gartner PM4,Gartner - Preventive Maintenance 4 (Jul 2023)
230713 Gartner PM5,Gartner - Preventive Maintenance 5 (Jul 2023)
230714 Gartner PM6,Gartner - Preventive Maintenance 6 (Jul 2023)
230717 Gartner PM7,Gartner - Preventive Maintenance 7 (Jul 2023)
230719 Gartner PM8,Gartner - Preventive Maintenance 8 (Jul 2023)
230727 Gartner PM9,Gartner - Preventive Maintenance 9 (Jul 2023)
220128 CoMemoAsto PM+,"Columbia Memorial Hospital, Astoria - Preventive Maintenance (Jan 2022)"
220201 AFSC Seattle PM+,"Alaska Fisheries Science Center, Seattle - Preventive Maintenance (Feb 2022)"
220228 CMHosp Astoria_PM,"Columbia Memorial Hospital, Astoria - Preventive Maintenance (Feb 2022)"
220405 MentorPM rpt 01,Mentor Graphics - Preventive Maintenance (Apr 2022)
220905 CMHosp Astoria PM,"Columbia Memorial Hospital, Astoria - Preventive Maintenance (Sep 2022)"
220906 CMHosp Astoria PM,"Columbia Memorial Hospital, Astoria - Preventive Maintenance (Sep 2022)"
230118 Abcam Eug1 - Cafe mics,"Abcam Eugene, Cafe - Microphones (Jan 2023)"
230118 Abcam Eug2 - Cafe Proj,"Abcam Eugene, Cafe - Projector (Jan 2023)"
230214 Abcam Eug2 - Cafe tp,"Abcam Eugene, Cafe - Touch Panel (Feb 2023)"
230222 Abcam Eug - Cafe tp3,"Abcam Eugene, Cafe - Touch Panel (Feb 2023)"
230308 Abcam Eug - Cafe tp4,"Abcam Eugene, Cafe - Touch Panel (Mar 2023)"
230418 Abcam Eug - Cafe RMC,"Abcam Eugene, Cafe - Room Management Controller (Apr 2023)"
230418 Abcam Eug1 - Cafe mics & Proj,"Abcam Eugene, Cafe - Microphones & Projector (Apr 2023)"
230425 Abcam Eug - Cafe RMC2,"Abcam Eugene, Cafe - Room Management Controller (Apr 2023)"
230426 Abcam Eug1 - Cafe mics & Proj2-cGPT2,"Abcam Eugene, Cafe - Microphones & Projector (Apr 2023)"
"230427 Abcam Eug - Cafe cam, Vaddio (230504)","Abcam Eugene, Cafe - Camera issue (Apr 2023)"
"230508 Abcam Eug - Cafe cam, Vaddio","Abcam Eugene, Cafe - Camera issue (May 2023)"
230508 Abcam Eug - Cafe RMC3,"Abcam Eugene, Cafe - Room Management Controller (May 2023)"
230508 Abcam Eug - Cafe UC-Engine,"Abcam Eugene, Cafe - UC-Engine (May 2023)"
"230509 Abcam Eug - Cafe cam, Vaddio","Abcam Eugene, Cafe - Camera issue (May 2023)"
230509 Abcam Eug - Cafe RMC4,"Abcam Eugene, Cafe - Room Management Controller (May 2023)"
230509 Abcam Eug - Cafe UC-Engine2,"Abcam Eugene, Cafe - UC-Engine (May 2023)"
230510 Abcam Eug - Cafe RMC5,"Abcam Eugene, Cafe - Room Management Controller (May 2023)"
230516 Abcam Eug - Cafe tp PTZ control,"Abcam Eugene, Cafe - Touch Panel PTZ Camera Control (May 2023)"
230517 Abcam Eug - Cafe spkr zones,"Abcam Eugene, Cafe - Speaker Zones (May 2023)"
230517 Abcam Eug - Cafe tp PTZ control2,"Abcam Eugene, Cafe - Touch Panel PTZ Camera Control (May 2023)"
230531 Abcam Eug - Cafe cam img flip v1,"Abcam Eugene, Cafe - Camera Image Flip (May 2023)"
231106 Abcam Eug - Cafe Projector RMC,"Abcam Eugene, Cafe - Projector, Room Management Controller (Nov 2023)"
230118 Abcam Eug3 - Mito cam.md,"Abcam Eugene, Mito Rm - Camera (Jan 2023)"
230213 Abcam Eug5 - 102-3 disp off.md,"Abcam Eugene, 102-3 - Display Off (Feb 2023)"
230222 Abcam Eug - Mito cam3.md,"Abcam Eugene, Mito Rm - Camera (Feb 2023)"
230323 Abcam Eug - HDMI Ball.md,"Abcam Eugene, Ball Rm - HDMI (Mar 2023)"
230323 Abcam Eug - HDMI Crouch.md,"Abcam Eugene, Crouch Rm - HDMI (Mar 2023)"
230323 Abcam Eug - HDMI Gene.md,"Abcam Eugene, Gene Rm - HDMI (Mar 2023)"
230323 Abcam Eug - HDMI Mito.md,"Abcam Eugene, Mito Rm - HDMI (Mar 2023)"
230427 Abcam Eug - HDMI Sheehan.md,"Abcam Eugene, Sheehan Rm - HDMI (Apr 2023)"
230508 Abcam Eug - HDMI Sheehan.md,"Abcam Eugene, Sheehan Rm - HDMI (May 2023)"
230531 Abcam Eug - HDMI Ball2.md,"Abcam Eugene, Ball Rm - HDMI (May 2023)"
230614 Abcam Eug - HDMI Sheehan2.md,"Abcam Eugene, Sheehan Rm - HDMI (Jun 2023)"
230912 Abcam Eug - HDMI Gene.md,"Abcam Eugene, Gene Rm - HDMI (Sep 2023)"
231009 Abcam Eug - HDMI Crouch1.md,"Abcam Eugene, Crouch Rm - HDMI (Oct 2023)"
231009 Abcam Eug - HDMI Gene2.md,"Abcam Eugene, Gene Rm - HDMI (Oct 2023)"
231130 Abcam Eug - HDMI Crouch2.md,"Abcam Eugene, Crouch Rm - HDMI (Nov 2023)"
220608 DLR - Atrium TP labels.md,"DLR Portland, Atrium - Touch Panel Labels (Jun 2022)"
220608 DLR - conf rm audio 7.md,"DLR Portland, Atrium - Conference Room Audio (Jun 2022)"
230421 DLR - Atrium mics.md,"DLR Portland, Atrium - Microphones (Apr 2023)"
230705 DLR - Atrium Mic levels & Restart.md,"DLR Portland, Atrium - Microphone Levels & Restart (Jul 2023)"
230708 DLR - Atrium Mic levels & Restart2.md,"DLR Portland, Atrium - Microphone Levels & Restart (Jul 2023)"
230725 DLR - Atrium DSP 1.md,"DLR Portland, Atrium - DSP Configuration (Jul 2023)"
230728 DLR - Atrium DSP.md,"DLR Portland, Atrium - DSP Configuration (Jul 2023)"
230808 DLR - Atrium labels2.md,"DLR Portland, Atrium - Touch Panel Labels (Aug 2023)"
230906 DLR - Atrium labels3.md,"DLR Portland, Atrium - Touch Panel Labels (Sep 2023)"
231129 DLR - Atrium labels4.md,"DLR Portland, Atrium - Touch Panel Labels (Nov 2023)"
231214 DLR - Atrium labels5.md,"DLR Portland, Atrium - Touch Panel Labels (Dec 2023)"
240111 DLR - Atrium labels5.md,"DLR Portland, Atrium - Touch Panel Labels (Jan 2024)"
220211 DLR - conf rm audio 1.md,"DLR Portland, Conference Room - Audio (Feb 2022)"
220301 DLR - conf rm audio 2.md,"DLR Portland, Conference Room - Audio (Mar 2022)"
220304 DLR - conf rm audio 4.md,"DLR Portland, Conference Room - Audio (Mar 2022)"
220315 DLR - conf rm audio 5.md,"DLR Portland, Conference Room - Audio (Mar 2022)"
220331 DLR - conf rm audio 6.md,"DLR Portland, Conference Room - Audio (Mar 2022)"
220627 DLR - conf rm audio 8.md,"DLR Portland, Conference Room - Audio (Jun 2022)"
220720 DLR - conf rm audio 9.md,"DLR Portland, Conference Room - Audio (Jul 2022)"
220720 DLR - front conf rm cam.md,"DLR Portland, Front Conference Room - Camera (Jul 2022)"
220909 DLR - front conf rm cam.md,"DLR Portland, Front Conference Room - Camera (Sep 2022)"
220921 DLR - front conf rm cam.md,"DLR Portland, Front Conference Room - Camera (Sep 2022)"
230403 DLR - conf rm audio 10.md,"DLR Portland, Conference Room - Audio (Apr 2023)"
230405 DLR - conf rm audio 11.md,"DLR Portland, Conference Room - Audio (Apr 2023)"
230503 DLR - conf rm audio 12.md,"DLR Portland, Conference Room - Audio (May 2023)"
230717 Gartner 920 Fremont Barco.md,"Gartner, 920 Fremont Rm - Barco System (Jul 2023)"
230821 Gartner Cafe Cart cam1.md,"Gartner, Cafe Rm - Cart Camera Installation (Aug 2023)"
230925 Gartner Table 9-2 Barco.md,"Gartner, Table 9-2 - Barco (Sep 2023)"
230928 Gartner Cafe Mic missing.md,"Gartner, Cafe - Microphone Replacement (Sep 2023)"
231004 Gartner 912&924 cal tp.md,"Gartner, 912 & 924 - Touch Panel Calendar (Oct 2023)"
231005 Gartner phones rm 926.md,"Gartner, Rm 926 - Phone System (Oct 2023)"
231005 Gartner phones rm 931.md,"Gartner, Rm 931 - Phone System (Oct 2023)"
231026 Gartner Cafe VTC & Spkr2.md,"Gartner, Cafe - VTC & Speaker (Oct 2023)"
231115 Gartner Cafe Mic missing2.md,"Gartner, Cafe - Microphone Replacement (Nov 2023)"
220722 Mentor - A Commons - Weight rm Display.md,"Mentor Graphics Bldg A, Commons - Weight Room Display (Jul 2022)"
220803 Mentor - A Commons - Weight rm display2.md,"Mentor Graphics Bldg A, Commons - Weight Room Display (Aug 2022)"
220808 Mentor - C2042 McKenzie.md,"Mentor Graphics Bldg C, Conf Rm C2040 (Aug 2022)"
220818 Mentor - A Commons - Weight rm display3.md,"Mentor Graphics Bldg A, Commons - Weight Room Display (Aug 2022)"
220920 Mentor - A103A Big Muddy.md,"Mentor Graphics Bldg A, Conf Rm A103A Big Muddy (Sep 2022)"
220928 Mentor - C1350 Bristlecone.md,"Mentor Graphics Bldg C, Conf Rm C1350 Bristlecone (Sep 2022)"
221129 Mentor - A103A Big Muddy.md,"Mentor Graphics Bldg A, Conf Rm A103A Big Muddy (Nov 2022)"
230103 Mentor - A103A Big Muddy3.md,"Mentor Graphics Bldg A, Conf Rm A103A Big Muddy (Jan 2023)"
230228 Mentor - C2040-2.md,"Mentor Graphics Bldg C, Conf Rm C2040 (Feb 2023)"
220502 Mentor - D1115 Smith Rock1.md,"Mentor Graphics Bldg D, Conf Rm D1115 Smith Rock (May 2022)"
220502 Mentor - D1115 Smith Rock2.md,"Mentor Graphics Bldg D, Conf Rm D1115 Smith Rock (May 2022)"
220505 Mentor - D1115 Smith Rock3.md,"Mentor Graphics Bldg D, Conf Rm D1115 Smith Rock (May 2022)"
220505 Mentor - D3040 Eagle Creek1.md,"Mentor Graphics Bldg D, Conf Rm D3040 Eagle Creek (May 2022)"
220722 Mentor - D1115 Smith Rock3.md,"Mentor Graphics Bldg D, Conf Rm D1115 Smith Rock (Jul 2022)"
220802 Mentor - D1346 Tawfik - TP1.md,"Mentor Graphics Bldg D, Conf Rm D1346 Tawfik - Touch Panel (Aug 2022)"
220802 Mentor - D1405 Redmond - Fan +.md,"Mentor Graphics Bldg D, Conf Rm D1405 Redmond - Rack Fan+ (Aug 2022)"
220803 Mentor - D - Signage.md,Mentor Graphics Bldg D - Digital Signage (Aug 2022)
220818 Mentor - D1346 Tawfik - TP2.md,"Mentor Graphics Bldg D, Conf Rm D1346 Tawfik Touch Panel (Aug 2022)"
220830 Mentor - D1348 Madras.md,"Mentor Graphics Bldg D, Conf Rm D1348 Madras (Aug 2022)"
"220830 Mentor - D2237, display.md","Mentor Graphics Bldg D, Conf Rm D2237 - Display (Aug 2022)"
220921 Mentor - D1041 Sunriver.md,"Mentor Graphics Bldg D, Conf Rm D1041 Sunriver (Sep 2022)"
221006 Mentor - D1115 Smith Rock4 install.md,"Mentor Graphics Bldg D, Conf Rm D1115 Smith Rock - Install (Oct 2022)"
221019 Mentor - D - Brightsign reset.md,"Mentor Graphics Bldg D - Digital Signage, Brightsign Reset (Oct 2022)"
221026 Mentor - D1237 Steven Swirling fan install.md,"Mentor Graphics Bldg D, Conf Rm D1237 Steven Swirling - Cabinet Fan Install (Oct 2022)"
221213 Mentor - D1405 Redmond - Fan.md,"Mentor Graphics Bldg D, Conf Rm D1405 Redmond - Rack Fan (Dec 2022)"
221220 Mentor - D2040-2 & D1237.md,"Mentor Graphics Bldg D, Conf Rms D2040-2 & D1237 (Dec 2022)"
230109 Mentor - D2040 TP.md,"Mentor Graphics Bldg D, Conf Rm D2040 - Touch Panel (Jan 2023)"
230202 Mentor - D1237 tp2.md,"Mentor Graphics Bldg D, Conf Rm D1237 - Touch Panel (Feb 2023)"
220722 Mentor - E2020 Redwood cables.md,"Mentor Graphics Bldg E, Conf Rm E2020 Redwood - Cabling Issues (Jul 2022)"
220803 Mentor - E3020 Azalea.md,"Mentor Graphics Bldg E, Conf Rm E3020 Azalea (Aug 2022)"
220808 Mentor - E2020 Redwood.md,"Mentor Graphics Bldg E, Conf Rm E2020 Redwood (Aug 2022)"
220808 Mentor - E2022 Sequoia.md,"Mentor Graphics Bldg E, Conf Rm E2022 Sequoia (Aug 2022)"
220808 Mentor - E2042 Noble.md,"Mentor Graphics Bldg E, Conf Rm E2042 Noble (Aug 2022)"
220817 Mentor - E2042 Noble2.md,"Mentor Graphics Bldg E, Conf Rm E2042 Noble (Aug 2022)"
220817 Mentor - E3042 Ponderosa.md,"Mentor Graphics Bldg E, Conf Rm E3042 Ponderosa (Aug 2022)"
220908 Mentor - E0410 Rogue.md,"Mentor Graphics Bldg E, Conf Rm E0410 Rogue (Sep 2022)"
220908 Mentor - E2020 Redwood.md,"Mentor Graphics Bldg E, Conf Rm E2020 Redwood (Sep 2022)"
220908 Mentor - E2022 Sequoia.md,"Mentor Graphics Bldg E, Conf Rm E2022 Sequoia (Sep 2022)"
220908 Mentor - E4022 Foxtail.md,"Mentor Graphics Bldg E, Conf Rm E4022 Foxtail (Sep 2022)"
220921 Mentor - E2022 Sequoia.md,"Mentor Graphics Bldg E, Conf Rm E2022 Sequoia (Sep 2022)"
231002 Synopsys vtc audio1.md,Synopsys - VTC Audio (Oct 2023)
231012 Synopsys vtc audio2.md,Synopsys - VTC Audio (Oct 2023)
231024 Synopsys vtc audio3.md,Synopsys - VTC Audio (Oct 2023)
231102 Synopsys vtc audio4.md,Synopsys - VTC Audio (Nov 2023)
231114 Synopsys Mult Conf Podium HDMI.md,"Synopsys, Multnomah Conf Rm - Podium HDMI (Nov 2023)"
231127 Synopsys Display #2.md,Synopsys - Display #2 (Nov 2023)
231127 Synopsys vtc audio5.md,Synopsys - VTC Audio (Nov 2023)
240109 Synopsys Display #2 - 02.md,Synopsys - Display #2 (Jan 2024)
240110 Synopsys room state err.md,Synopsys - Room State Error (Jan 2024)
240314 Synopsys Mult Conf Podium HDMI Audio.md,"Synopsys, Multnomah Conf Rm - Podium HDMI & Audio (Mar 2024)"
240319 Synopsys Disp#2 Replace1.md,Synopsys - Display #2 Replacement (Mar 2024)
240408 Synopsys Mult Conf Podium HDMI Audio2.md,"Synopsys, Multnomah Conf Rm - Podium HDMI & Audio (Apr 2024)"
240408 Synopsys Mult Conf Podium HDMI Audio3.md,"Synopsys, Multnomah Conf Rm - Podium HDMI & Audio (Apr 2024)"
220418 Clackamas ESD - cams.md,Clackamas ESD - Cameras (Apr 2022)
220623 Clackamas ESD - HDMI MtHope.md,"Clackamas ESD, Mount Hope - HDMI (Jun 2022)"
220623 Clackamas ESD - HDMI Spring.md,"Clackamas ESD, Springwater - HDMI (Jun 2022)"
220801 Clackamas ESD - HDMI Spring.md,"Clackamas ESD, Springwater - HDMI (Aug 2022)"
220801 Clackamas ESD - MtHope USB2 Install.md,"Clackamas ESD, Mount Hope - USB2 Install (Aug 2022)"
220913 Clackamas ESD - HDMI Spring HMDI.md,"Clackamas ESD, Springwater - HDMI (Sep 2022)"
221005 Clackamas ESD - Spring DTP inst1.md,"Clackamas ESD, Springwater/New Era - DTP Install 1 (Oct 2022)"
221010 Clackamas ESD - Spring DTP post-inst.md,"Clackamas ESD, Springwater/New Era - DTP Post-Install (Oct 2022)"
221020 Clackamas ESD - Spring DTP post-inst cam fix.md,"Clackamas ESD, Springwater/New Era - DTP Post-Install & Camera Fix (Oct 2022)"
221028 Clackamas ESD - SpringEra Audio Levels.md,"Clackamas ESD, Springwater/New Era - Audio Levels (Oct 2022)"
221028 Clackamas ESD - SpringEra TPanel.md,"Clackamas ESD, Springwater/New Era - Touch Panel Issues (Oct 2022)"
221108 Clackamas ESD - SpringEra TPanel2.md,"Clackamas ESD, Springwater/New Era - Touch Panel Issues 2 (Nov 2022)"
221129 Vanc ESD - Klickitat audio.md,"Vancouver ESD, Klickitat Room - Audio Issue (Nov 2022)"
230110 Vanc ESD - HDMI xmtr.md,"Vancouver ESD, Klickitat Room - HDMI Transmitter(Jan 2023)"
230110 Vanc ESD - Klickitat audio2.md,"Vancouver ESD, Klickitat Room - Audio Issue (Nov 2022)"
230130 Clackamas ESD - MtHope DSP levels.md,"Clackamas ESD, Mount Hope - DSP Audio Levels (Jan 2023)"
230220 Clackamas ESD - MtHope DSP levels2.md,"Clackamas ESD, Mount Hope - DSP Audio Levels (Feb 2023)"
230309 Clackamas ESD - MtHope DSP levels3.md,"Clackamas ESD, Mount Hope - DSP Audio Levels (Mar 2023)"
230316 Clackamas ESD - MtHope Feedback.md,"Clackamas ESD, Mount Hope - Audio Feedback (Mar 2023)"
231020 Vanc ESD - HDMI xmtr x2.md,Vancouver ESD - HDMI Transmitters x2 (Oct 2023)
211117 UofO Knight - Crestron1,"University of Oregon, Knight Research - Crestron System"
211123 UofO Knight - Crestron2,"University of Oregon, Knight Research - Crestron System"
220105 UofO Knight - tpanel,"University of Oregon, Knight Research - Touch Panel"
220108 UofO Knight - rm106 floorbox,"University of Oregon, Knight Research, Lecture Rm 106 - Floor Box"
220118 UofO Knight - 3rd FL TX,"University of Oregon, Knight Research, Rm 314 - Transmitter Unit"
220118 UofO Knight - rm106 HDMI,"University of Oregon, Knight Research, Lecture Rm 106 - HDMI"
220224 UofO Knight - 3rd FL TX2,"University of Oregon, Knight Research, Rm 314 - Transmitter Unit"
221104 UofO Knight - AirMedia macs,"University of Oregon, Knight Research - AirMedia Mac Connectivity"
230223 UofO Knight - rm314 logins,"University of Oregon, Knight Research, Rm 314 - Login Issues"
230223-4 UofO Knight - rm108 HDMI,"University of Oregon, Knight Research, Lecture Rm 108 - HDMI"
230320 UofO Knight - rm314 logins2,"University of Oregon, Knight Research, Rm 314 - Login Issues"
230321 UofO Knight - rm156-8,"University of Oregon, Knight Research, Rms 156, 157, 158 - Tesira Matrix"
230322 UofO Knight - rm108+,"University of Oregon, Knight Research, Lecture Rm 108 - multiple NVX issues"
230427 UofO Knight - rm108+,"University of Oregon, Knight Research, Lecture Rm 108 - multiple NVX issues"
230428 UofO Knight - rm108+,"University of Oregon, Knight Research, Lecture Rm 108 - multiple NVX issues"
230512 UofO Knight - rm261J logins (Merc),"University of Oregon, Knight Research, Rm 261J - Crestron Mercury Login Issues"
230602 UofO Knight - Seminar Vid flicker,"University of Oregon, Knight Research, Seminar Rm - Video Flicker"
230803 UofO Knight - rm106 cam ctl,"University of Oregon, Knight Research, Lecture Rm 106 - Camera Control"
230907 UofO Knight - rm106 cam ctl2,"University of Oregon, Knight Research, Lecture Rm 106 - Camera Control"
240126 UofO Knight - rm106 Mics quiet,"University of Oregon, Knight Research, Lecture Rm 106 - Microphones quiet"
240126 UofO Knight - rm108 USB Cam on Mac,"University of Oregon, Knight Research, Lecture Rm 108 - USB Camera on Mac"
211207 UofO Rec - TPanel+,"University of Oregon, Rec Center - Touch Panel+"
220216 UofO Mariota Center - mult,"University of Oregon, Mariota Center - Multiple issues"
220323 UofO Mariota Center - mult2,"University of Oregon, Mariota Center - Multiple issues"
220323 UofO Mariota Center - Source Routing,"University of Oregon, Mariota Center - Source Routing"
220323 UofO Mariota Center - TV Tuners,"University of Oregon, Mariota Center - TV Tuners"
"220407 UofO Ford Alumni ballroom, screen1","University of Oregon, Ford Alumni Center, Ballroom - Screen Controls"
220609 UofO Rec - mult,"University of Oregon, Rec Center - Multiple issues"
220915 UofO Mariota Center - TV Tuners2,"University of Oregon, Mariota Center - TV Tuners"
221103 UofO Mariota Center - TV Tuners3,"University of Oregon, Mariota Center - TV Tuners"
221111 UofO Mariota Center - M63 office vid,"University of Oregon, Mariota Center, Office M63 - Video"
230117 UofO Ford 403 Zoom audio,"University of Oregon, Ford Alumni Center, Rm 403 - Zoom Audio"
230215 UofO Mariota Center - M63 office vid2,"University of Oregon, Mariota Center, Office M63 - Video"
230228 UofO Ford 403 Zoom2,"University of Oregon, Ford Alumni Center, Rm 403 - Zoom Audio"
230307 UofO Mariota Center - 177,"University of Oregon, Mariota Center, Office 177 - Touch Panel"
230803 UofO Ford Ballroom screen Mid,"University of Oregon, Ford Alumni Center, Ballroom - Screen Issue"
230816 UofO Mariota Center - 165&177 office vid1,"University of Oregon, Mariota Center, Offices 165 & 177 - Video"
230911 UofO Ford Ballroom screen Mid2,"University of Oregon, Ford Alumni Center, Ballroom - Middle Screen"
231003 UofO Ford Ballroom screen Mid3,"University of Oregon, Ford Alumni Center, Ballroom - Middle Screen"
231130 UofO Ford Ballroom HDMI,"University of Oregon, Ford Alumni Center, Ballroom - HDMI"
220111 UWSOM T435 - HDMI.md,"University of Washington School of Medicine, Lecture Hall T435 - HDMI (Jan 2022)"
220112 UWSOM T435 - HDMI follow-up1.md,"University of Washington School of Medicine, Lecture Hall T435 - HDMI Follow-up (Jan 2022)"
220119 PCC Sylv projector.md,"Portland Community College, Sylvania Campus - Projector (Jan 2022)"
220308 UWSOM SLU Brotman CODEC & camera.md,"University of Washington School of Medicine, South Lake Union, Brotman - CODEC & Camera (Mar 2022)"
220309-10 UWSOM T435 - HDMI follow-up2.md,"University of Washington School of Medicine, Lecture Hall T435 - HDMI Follow-up (Mar 2022)"
220712 EOU Loso Hall - Back Stage Speaker.md,"Eastern Oregon University, Loso Hall - Back Stage Speaker (Jul 2022)"
220713 EOU Loso Hall - Dante.md,"Eastern Oregon University, Loso Hall - Dante Audio (Jul 2022)"
230105 OSU Gymnast - TP audio.md,"Oregon State University, Gymnastics Facility - Touch Panel Audio (Jan 2023)"
230119 OSU Gymnast - TP audio2.md,"Oregon State University, Gymnastics Facility - Touch Panel Audio (Jan 2023)"
230328 OSU Kearney 311.md,"Oregon State University, Kearney Hall, Rm 311 - AV System (Mar 2023)"
230607 OSU Kearney 311-2.md,"Oregon State University, Kearney Hall, Rm 311 - AV System (Jun 2023)"
230927 WSU Vanc UCB1 Projector & audio (INTERNAL).md,"Washington State University Vancouver, UC Bldg - Projector & Audio (INTERNAL) (Sep 2023)"
230927 WSU Vanc UCB1 Projector & audio.md,"Washington State University Vancouver, UC Bldg - Projector & Audio (Sep 2023)"
231023 WSU Vanc UCB2.md,"Washington State University Vancouver, UC Bldg - AV System (Oct 2023)"
240410 OSU Gymnast - Bluetooth1.md,"Oregon State University, Gymnastics Facility - Bluetooth Audio (Apr 2024)"
211020 METpdx - gym prjct.md,METpdx - Gym Projector (Oct 2021)
211021 Pacific Crest school - Projector 1.md,Pacific Crest School - Projector (Oct 2021)
211122 Park Academy - SmartBoards & projectors.md,Park Academy - SmartBoards & Projectors (Nov 2021)
220125 METpdx hdmi.md,METpdx - HDMI Connection (Jan 2022)
220127 Pacific Crest school - Projector 2.md,Pacific Crest School - Projector (Jan 2022)
220128 Pacific Crest school - Projector 3 final.md,Pacific Crest School - Projector (Jan 2022)
220218 Park Academy - HDMI jacks+.md,Park Academy - HDMI Jacks (Feb 2022)
220318 Park Academy - SmartBoards & projectors2.md,Park Academy - SmartBoards & Projectors (Mar 2022)
221219 Pacific Crest school - Projector Assessment.md,Pacific Crest School - Projector Assessment (Dec 2022)
230216 Pacific Crest school - Box repair.md,Pacific Crest School - HDMI Input Box Repair (Feb 2023)
230914 METpdx hdmi.md,METpdx - HDMI Connection (Sep 2023)
211018 WWalker Elem - 1608.md,Walker Elementary - 1608 System (Oct 2021)
211111 Twality Mid School - HDMI.md,Twality Middle School - Multiple Room HDMI Failure (Nov 2021)
211222 Sato Elem - Prjctr.md,Sato Elementary - Projector (Dec 2021)
211227 Sato Elem - Prjctr 2.md,Sato Elementary - Projector (Dec 2021)
220218 Twality Mid School - HDMI2.md,Twality Middle School - Multiple Room HDMI Failure (Feb 2022)
220321 Twality Mid School - HDMI3.md,Twality Middle School - Multiple Room HDMI Failure (Mar 2022)
220516 Astoria Middle school - screen.md,Astoria Middle School - Screen Diagnose (May 2022)
220701 Astoria Middle school - screen2.md,Astoria Middle School - Screen Repair (Jul 2022)
221117 WWalker Elem - Gym Projector.md,Walker Elementary - Gym Projector (Nov 2022)
230221 Sato Elem - Prjctr Feb '23.md,Sato Elementary - Projector (Feb 2023)
230302 Sato Elem - Cafe mics.md,Sato Elementary - Cafe Microphones (Mar 2023)
230504 PPS 74th St ALS 1.md,"Portland Public Schools, Columbia Regional Inclusive Services - AV System (May 2023)"
230518 PPS 74th St ALS 2.md,"Portland Public Schools, Columbia Regional Inclusive Services - AV System (May 2023)"
230608 PPS 74th St ALS 4.md,"Portland Public Schools, Columbia Regional Inclusive Services - AV System (Jun 2023)"
230626 Sato Elem - post-projector ctl confirm.md,Sato Elementary - Post-Projector Control Confirmation (Jun 2023)
231018 WWalker Elem - Gym pwr amp1.md,Walker Elementary - Gym Power Amplifier Diagnose (Oct 2023)
240122 WWalker Elem - Gym pwr amp2.md,Walker Elementary - Gym Power Amplifier Repair (Jan 2024)
230331 MVHS Band rm mixer1.md,"Mountain View High School, Band Room - Mixer (Mar 2023)"
230331 MVHS Theater Stagebox1.md,"Mountain View High School, Theater - Stagebox (Mar 2023)"
230824 MVHS XR18 noise x3.md,"Mountain View High School, Mult Rms - XR18 Audio Noise (Aug 2023)"
240229 North Eugene HS cut cable.md,"North Eugene High School, Band Rm - Cut Cable Repair (Feb 2024)"
220315 Franklin HS Gym HDMI.md,"Portland Public Schools, Franklin High School, Gym - HDMI Issue (Mar 2022)"
230307 PPS Roos com iPads 1.md,"Portland Public Schools, Roosevelt High School, Common Area - iPads (Mar 2023)"
230905 PPS Roos MULT1.md,"Portland Public Schools, Roosevelt High School, Multipurpose Area - AV issues (Sep 2023)"
231107 PPS Roos Gym lift2.md,"Portland Public Schools, Roosevelt High School, Gym - Projector Lift (Nov 2023)"
231121 PPS Roos com iPads2.md,"Portland Public Schools, Roosevelt High School, Common Area - iPads (Nov 2023)"
231212 PPS Roos com iPads3.md,"Portland Public Schools, Roosevelt High School, Common Area - iPads (Dec 2023)"
240205 LincolnHS - 137 Proj Lift.md,"Portland Public Schools, Lincoln High School, Rm 137 - Projector Lift (Feb 2024)"
240308 LincolnHS - 137 Proj Lift.md,"Portland Public Schools, Lincoln High School, Rm 137 - Projector Lift (Mar 2024)"
240425 LincolnHS - BCast.md,"Portland Public Schools, Lincoln High School - Broadcast System (Apr 2024)"
221017 Mountainside HS - Gym TP.md,"Mountainside High School, Gym - Touch Panel (Oct 2022)"
221215 Mountainside HS - Gym mics.md,"Mountainside High School, Gym - Microphones (Dec 2022)"
221215 Mountainside HS - Gym TP2.md,"Mountainside High School, Gym - Touch Panel (Dec 2022)"
230313 Jesuit HS Hollman Cafe1.md,"Jesuit High School, Student Union - Mult AV issues (Mar 2023)"
230327 Jesuit HS Hollman Cafe2.md,"Jesuit High School, Student Union - Mult AV issues (Mar 2023)"
230330 Jesuit HS Hollman Cafe3.md,"Jesuit High School, Student Union - Mult AV issues (Mar 2023)"
230404 Jesuit HS Hollman Cafe5.md,"Jesuit High School, Student Union - Mult AV issues (Apr 2023)"
230523 JesuitHS Cafe remote btns.md,"Jesuit High School, Student Union - Remote Buttons (May 2023)"
230620 JesuitHS Cafe glue IR ems.md,"Jesuit High School, Student Union - Glue and IR Emitters (Jun 2023)"
211209 MAPS Salem - tpanel date alt.md,"MAPS Credit Union, Salem Main - Touch Panel Date Adjustment (Dec 2021)"
220120 MAPS Haw - blurry cam.md,"MAPS Credit Union, Salem Hawthorne Zoom Room - Blurry Camera (Jan 2022)"
220218 MAPS 221 - display band.md,"MAPS Credit Union, Salem Main, Rm 221 - Display Band (Feb 2022)"
220225 MAPS Haw - blurry cam2.md,"MAPS Credit Union, Salem Hawthorne Zoom Room - Blurry Camera (Feb 2022)"
220420 MAPS Hawth ZR - Cam Screw.md,"MAPS Credit Union, Salem Hawthorne Zoom Room - Camera Screw (Apr 2022)"
220504 Columbia Bank Tigard - HDMI.md,"Columbia Bank, Tigard - HDMI (May 2022)"
221201 ColumBank Fox - Community rm.md,"Columbia Bank, Fox Tower, Community Room - Laptop Audio (Dec 2022)"
221205 MAPS Salem - Controller NTP.md,"MAPS Credit Union, Salem Main - Controller NTP (Dec 2022)"
221206 ColumBank Asto - Kiosk.md,"Columbia Bank, Astoria - Kiosk (Dec 2022)"
221212 ColumBank Fox - Community rm2.md,"Columbia Bank, Fox Tower, Community Room - Laptop Audio & Camera Connection (Dec 2022)"
230211 ColumBank Fox - Community rm3.md,"Columbia Bank, Fox Tower, Community Room - Biamp & HDMI (Feb 2023)"
230511 Selco CU Eug Crestron swx.md,"Selco Credit Union, Eugene - Crestron Switcher (May 2023)"
230511 Selco CU Eug McKenzie cam.md,"Selco Credit Union, Eugene, McKenzie Rm - Camera (May 2023)"
230622 iQ CU Vanc - iPad ctrl GUI.md,"iQ Credit Union, Vancouver - iPad Control GUI (Jun 2023)"
230622 iQ CU Vanc - Cam.md,"iQ Credit Union, Vancouver - Room Camera (Jun 2023)"
230623 iQ CU Vanc - HDMI.md,"iQ Credit Union, Vancouver - HDMI (Jun 2023)"
230801 ColumBank Fox - Community rm.md,"Columbia Bank, Fox Tower, Community Room - Biamp & HDMI (Aug 2023)"
220321 Wells - AMX goo1.md,Wells Fargo - AMX Touch Panel Goo (Mar 2022)
220503 Wells - AMX goo2.md,Wells Fargo - AMX Touch Panel Goo (May 2022)
220517 Wells - System assess1.md,Wells Fargo - System Assessment (May 2022)
220907 Standard Ins - Sig TP (ps).md,"Standard Insurance, Sig Rm - Touch Panel (Sep 2022)"
221102 Standard Ins - Flex projector.md,"Standard Insurance, Flex Rm - Projector (Nov 2022)"
221102 Standard Ins - Mega TP.md,"Standard Insurance, Mega Rm - Touch Panel (Nov 2022)"
221102 Standard Ins - Sig TP (ps)2.md,"Standard Insurance, Sig Rm - Touch Panel (Nov 2022)"
230111 Standard Ins - Flex projector2.md,"Standard Insurance, Flex Rm - Projector (Jan 2023)"
230131 Standard Ins - Flex projector3.md,"Standard Insurance, Flex Rm - Projector (Jan 2023)"
220103 TillamookPUD - display+ (INTERNAL).md,Tillamook People's Utility District - Display+ (Jan 2022) (INTERNAL)
220103 TillamookPUD - display+.md,Tillamook People's Utility District - Display+ (Jan 2022)
220124 TillamookPUD - display+.md,Tillamook People's Utility District - Display+ (Jan 2022)
220314 TillamookPUD - display+.md,Tillamook People's Utility District - Display+ (Mar 2022)
220404 TillamookPUD - Video wall config.md,Tillamook People's Utility District - Video Wall Configuration (Apr 2022)
220601 Vanc CityCounChambers - Ph Audio.md,Vancouver City Council Chambers - Phone Audio (Jun 2022)
220621 Vanc CityCounChambers - Ph Audio.md,Vancouver City Council Chambers - Phone Audio (Jun 2022)
221031 EWEB - rm 103 cam & hdmi.md,"Eugene Water & Electric Board, Rm 103 - Camera & HDMI (Oct 2022)"
221228 Vanc CityCounChambers - mics.md,Vancouver City Council Chambers - Microphones (Dec 2022)
230113 EWEB - rm 103 HDMI.md,"Eugene Water & Electric Board, Rm 103 - HDMI (Jan 2023)"
230314 Gladstone CC BMD1.md,Gladstone City Council - Blackmagic Hyperdeck (Mar 2023)
230822 Forest Grove Power Disp Wall1.md,Forest Grove Power - Display Wall (Aug 2023)
230922 Cornelius city hall tp black.md,Cornelius City Hall - Touch Panel black (Sep 2023)
240108 Forest Grove Power Disp Wall2.md,Forest Grove Power - Display Wall (Jan 2024)
240305 Cornelius city hall mult.md,Cornelius City Hall - Multiple Systems (Mar 2024)
"240314 Longview, Port of - Cams.md",Port of Longview - Camera (Mar 2024)
"240326 Longview, Port of - Cams2.md",Port of Longview - Camera Follow-Up (Mar 2024)
"240419 Longview, Port of - Disp4.md",Port of Longview - Display #4 Configuration (Apr 2024)
220328 Salem Library - Auditorium1.md,"Salem Library, Auditorium Lectern - Lectern Audio"
220420 Salem Library - Sys Survey.md,Salem Library - Full System Survey
220427 Salem Library - Auditorium2.md,"Salem Library, Auditorium Lectern - Biamp DSP"
220428 Salem Library - Auditorium3.md,"Salem Library, Auditorium Lectern - Extron Touch Panel"
220506 Salem Library - Auditorium5.md,"Salem Library, Auditorium Lectern - Extron Firmware"
220512 Salem Library - Auditorium6.md,"Salem Library, Auditorium Lectern - Extron Switcher"
220628 Salem Library - PA Vocia settings.md,Salem Library - PA Vocia settings
220721 Salem Library - PA Vocia settings2.md,Salem Library - PA Vocia settings
220725 Salem Library - PA Vocia settings3.md,Salem Library - PA Vocia settings
221011 Salem Library - Anderson B Lectern.md,"Salem Library, Anderson B - Lectern"
221018 Salem Library - Install Blue-ray player.md,Salem Library - Install Blue-ray player
221221 Hillsboro Lib1 - HDMI.md,"Hillsboro Library, Main - HDMI"
230126 Hillsboro Lib1 - HDMI2.md,"Hillsboro Library, Main - HDMI"
230126 Hillsboro Lib2 - Brookwood audio.md,"Hillsboro Library, Brookwood - Audio"
230526 HillsbLib - Brookwood1 Board rm no proj.md,"Hillsboro Library, Brookwood, Boardroom - Projector issues"
230526 HillsbLib - Brookwood2 Community proj turns off.md,"Hillsboro Library, Brookwood, Community Rm - Projector turning off"
231020 HillsbLib - Brookwood1 BoardRm2.md,"Hillsboro Library, Brookwood - Boardroom Crestron diagnose"
231208 HillsbLib - Brookwood1 BoardRm3 reinstall.md,"Hillsboro Library, Brookwood - Boardroom Crestron replace"
220106 Oregon Treasury - VOIP.md,Oregon Treasury - VOIP System (Jan 2022)
220705 Oregon Justice Ctr - mult speaker issues.md,Oregon Justice Center - Multiple Speaker Issues (Jul 2022)
220706 Vanc Water Edu - Projector+.md,Vancouver Water Education Center - Projector+ (Jul 2022)
220719 Oregon Justice Ctr - mult speaker issues2.md,Oregon Justice Center - Multiple Speaker Issues (Jul 2022)
220810 Oregon Treasury - Leak.md,Oregon Treasury - Leak Damage Assessment (Aug 2022)
220817 Vanc Water Edu - Projector2.md,Vancouver Water Education Center - Projector 2 (Aug 2022)
220912 Vanc Water Edu - Reinst Extron.md,Vancouver Water Education Center - Extron Reinstallation (Sep 2022)
211224 Hilton Duniway - spkrs+.md,Hilton Duniway - Speakers & other Issues (Dec 2021)
220121 Hilton Duniway - spkrs+.md,Hilton Duniway - Speakers & other Issues (Jan 2022)
220429 Hilton - DSP error.md,Hilton - DSP Error (Apr 2022)
220602 Moreland Church - multiple.md,Moreland Church - Multiple Issues (Jun 2022)
220518 VGarciaMemMedical - tpanel.md,Virginia Garcia Memorial Health Center - Touch Panel
220831 OHSU Hillsboro - Vortex.md,OHSU Hillsboro - Vortex
221006 CMHosp Astoria Seaside HDMI.md,"Columbia Memorial Hospital, Astoria, Seaside - HDMI"
221011 ThermoFisher - Barco.md,Thermo Fisher - Barco
221014 CMHosp Astoria iPads.md,"Columbia Memorial Hospital, Astoria - iPads"
230206 Acumed Hillsb - tp.md,"AcuMed, Hillsboro - Touch Panel"
230315 Acumed Hillsb - iPad.md,"AcuMed, Hillsboro - iPad"
230530 ThermoFisher - bldg J rm B & C.md,"Thermo Fisher, Bldg J, Rm B & C - AirMedia Diagnose"
230720 ThermoFisher - bldg J rm B AirMedia replace.md,"Thermo Fisher, Bldg J, Rm B - AirMedia Replace"
221025 Moda Verizon - QSFP.md,Moda Center (Verizon) - QSFP
230525 Verizon Moda - VNOC Assist.md,Moda Center (Verizon) - VNOC Assist
211202 DWFritz - Projector.md,"DWFritz, Common Room - Projector"
220222 AHS - Breakroom TPanel.md,"AHS, Breakroom - Touch Panel"
220809 DWFritz - Projector2.md,"DWFritz, Common Room - Projector"
220920 DWFritz - 1608 inst.md,"DWFritz, Common Room - 1608 Installation"
230104 Juniper Apts - Projector Screen.md,Juniper Apartments - Projector Screen
230908 Bigfoot tp.md,Bigfoot Beverages - Touch Panel
211129 MealsOnWheels - tp & screen.md,"Meals on Wheels, Conf Rm - Touch Panel & Screen"
220420 Garmin Siletz - USB.md,"Garmin, Siletz Conf Rm - USB Extender"
220422 AHS - 508 Zoom TPanel.md,"AHS, Rm 508 - Zoom Touch Panel"
220428 Garmin Siletz - USB2.md,"Garmin, Siletz Conf Rm - USB Extender"
220506 Garmin Siletz - USB4.md,"Garmin, Siletz Conf Rm - USB Extender"
220509 AHS - 508 Zoom TPanel2.md,"AHS, Rm 508 - Zoom Touch Panel"
220524 Garmin Siletz - Mon&Aud.md,"Garmin, Siletz Conf Rm - Monitor & Audio"
220622 AHS - 508 Zoom TPanel3.md,"AHS, Rm 508 - Zoom Touch Panel"
220622 AHS - 508 Zoom TPanel4.md,"AHS, Rm 508 - Zoom Touch Panel"
220630 Garmin Siletz - Spkr2.md,"Garmin, Siletz Conf Rm - Speaker 2"
220805 Garmin Siletz - Spkr2b.md,"Garmin, Siletz Conf Rm - Speaker 2"
220826 Garmin Siletz - Spkr2c.md,"Garmin, Siletz Conf Rm - Speaker 2"
220927 MealsOnWheels - inst tp.md,"Meals on Wheels, Conf Rm - Touch Panel Installation"
221004 MealsOnWheels - PC audio.md,"Meals on Wheels, Conf Rm - PC Audio"
211221 Scott Edwards Arch - FE3.md,Scott Edwards Architecture - Extron 1608 Switcher
220104 Columbia Spo - Newton Ridge.md,"Columbia Sportswear Corporate, Newton Ridge Conf Rm - AV System"
220207 Columbia Spo - Bugaboo.md,"Columbia Sportswear Corporate, Bugaboo Conf Rm - AV System"
220207 Pape Group - Phone ext change.md,Pape Group - Phone Extension Change
220217 Columbia Spo - Bugaboo2.md,"Columbia Sportswear Corporate, Bugaboo Conf Rm - AV System Clock Sync"
221118 KPMG Pdx 3714 - Audio.md,"KPMG Portland, Rm 3714 - Audio"
221208 Scott Edwards Arch - 1608 glitch.md,Scott Edwards Architecture - Extron 1608 Glitch
221216 KPMG Pdx 3714 - Audio2.md,"KPMG Portland, Rm 3714 - Audio"
231016 Workday 329 vtc audio1.md,"Workday, Rm 329 - VTC Audio"
231205 Workday 329 vtc audio3.md,"Workday, Rm 329 - VTC Audio"
220210 Stoller Vinyards - Video Wall.md,Stoller Vineyards - Video Wall
220214 Stoller Vinyards - Video Wall2.md,Stoller Vineyards - Video Wall
220314 Stoller Vinyards - audio & video.md,Stoller Vineyards - Video Wall
220406 Stoller Vinyards - audio & video2.md,Stoller Vineyards - Video Wall
221027 Pape Eugene - rm 103 Planar.md,"Pape Eugene, Rm 103 (Auditorium) - Planar Display"
221027 Papé Auditorium Tech content bak 01.md,"Pape Eugene, Rm 103 (Auditorium) - Planar Display (INTERNAL-1)"
221027 Papé Auditorium Tech content bak 02.md,"Pape Eugene, Rm 103 (Auditorium) - Planar Display (INTERNAL-2)"
221111 Pape Eugene - rm 103 Planar ends SMason.md,"Pape Eugene, Rm 103 (Auditorium) - Planar Display (installer mgmt)"
230209 Stoller Vinyards - VidWall split bad.md,Stoller Vineyards - Video Wall Split Bad
230210 Stoller Vinyards - VidWall split bad2.md,Stoller Vineyards - Video Wall Split Bad
231222 Nordstrom LED wall1.md,Nordstrom - LED Wall